<?xml version="1.0"?> <!-- Test for source tree numbering -->
<doc>	<title>Test for source tree numbering</title>
	<chapter>
		<title>First Chapter</title>
		<section>		  <blah comment="filler element to test the from attribute"/>
		  <blah comment="filler element to test the from attribute"/>
		  <blah comment="filler element to test the from attribute"/>
			<title>First Section In first Chapter</title>			<subsection>				<title>First Subsection in first Section In first Chapter</title>			</subsection>
		  <blah comment="filler element to test the from attribute"/>
		  <blah comment="filler element to test the from attribute"/>
			<subsection>				<title>Second Subsection in first Section In first Chapter</title>			</subsection>
			<subsection>				<title>Third Subsection in first Section In first Chapter</title>			</subsection>
		  <blah comment="filler element to test the from attribute"/>
			<subsection>				<title>Fourth Subsection in first Section In first Chapter</title>			</subsection>
			<subsection>				<title>Fifth Subsection in first Section In first Chapter</title>			</subsection>
		</section>		<section>
		  <blah comment="filler element to test the from attribute"/>
		  <blah comment="filler element to test the from attribute"/>
		  <blah comment="filler element to test the from attribute"/>
			<title>Second Section In first Chapter</title>			<subsection>				<title>First Subsection in second Section In first Chapter</title>			</subsection>
		  <blah comment="filler element to test the from attribute"/>
		  <blah comment="filler element to test the from attribute"/>
			<subsection>				<title>Second Subsection in second Section In first Chapter</title>			</subsection>
			<subsection>				<title>Third Subsection in second Section In first Chapter</title>			</subsection>
			<subsection>				<title>Fourth Subsection in second Section In first Chapter</title>			</subsection>
			<subsection>				<title>Fifth Subsection in second Section In first Chapter</title>			</subsection>
			<subsection>				<title>Sixth Subsection in second Section In first Chapter</title>			</subsection>
			<subsection>				<title>Seventh Subsection in second Section In first Chapter</title>			</subsection>
			<subsection>				<title>Eighth Subsection in second Section In first Chapter</title>			</subsection>
			<subsection>				<title>Ninth Subsection in second Section In first Chapter</title>			</subsection>
			<subsection>				<title>Tenth Subsection in second Section In first Chapter</title>			</subsection>
			<subsection>				<title>Eleventh Subsection in second Section In first Chapter</title>			</subsection>
			<subsection>				<title>Twelveth Subsection in second Section In first Chapter</title>			</subsection>
			<subsection>				<title>Thirteenth Subsection in second Section In first Chapter</title>			</subsection>
			<subsection>				<title>Fourteenth Subsection in second Section In first Chapter</title>			</subsection>
		</section>		<section>
			<title>Third Section In first Chapter</title>			<subsection>				<title>First Subsection in third Section In first Chapter</title>			</subsection>
			<subsection>				<title>Second Subsection in third Section In first Chapter</title>			</subsection>
			<subsection>				<title>Third Subsection in third Section In first Chapter</title>			</subsection>
			<subsection>				<title>Fourth Subsection in third Section In first Chapter</title>			</subsection>
			<subsection>				<title>Fifth Subsection in third Section In first Chapter</title>			</subsection>
			<subsection>				<title>Sixth Subsection in third Section In first Chapter</title>			</subsection>
			<subsection>				<title>Seventh Subsection in third Section In first Chapter</title>			</subsection>
			<subsection>				<title>Eighth Subsection in third Section In first Chapter</title>			</subsection>
			<subsection>				<title>Ninth Subsection in third Section In first Chapter</title>			</subsection>
			<subsection>				<title>Tenth Subsection in third Section In first Chapter</title>			</subsection>
			<subsection>				<title>Eleventh Subsection in third Section In first Chapter</title>			</subsection>
			<subsection>				<title>Twelveth Subsection in third Section In first Chapter</title>			</subsection>
			<subsection>				<title>Thirteenth Subsection in third Section In first Chapter</title>			</subsection>
			<subsection>				<title>Fourteenth Subsection in third Section In first Chapter</title>			</subsection>
			<subsection>				<title>Fifthteenth Subsection in third Section In first Chapter</title>			</subsection>
			<subsection>				<title>Sixteenth Subsection in third Section In first Chapter</title>			</subsection>
			<subsection>				<title>Seventeenth Subsection in third Section In first Chapter</title>			</subsection>
			<subsection>				<title>Eighteenth Subsection in third Section In first Chapter</title>			</subsection>
			<subsection>				<title>Nineteenth Subsection in third Section In first Chapter</title>			</subsection>
			<subsection>				<title>Twentieth Subsection in third Section In first Chapter</title>			</subsection>
			<subsection>				<title>Twenty-first Subsection in third Section In first Chapter</title>			</subsection>
			<subsection>				<title>Twenty-second Subsection in third Section In first Chapter</title>			</subsection>
			<subsection>				<title>Twenty-third Subsection in third Section In first Chapter</title>			</subsection>
			<subsection>				<title>Twenty-fourth Subsection in third Section In first Chapter</title>			</subsection>
			<subsection>				<title>Twenty-fifth Subsection in third Section In first Chapter</title>			</subsection>
			<subsection>				<title>Twenty-sixth Subsection in third Section In first Chapter</title>			</subsection>
			<subsection>				<title>Twenty-seventh Subsection in third Section In first Chapter</title>			</subsection>
			<subsection>				<title>Twenty-eighth Subsection in third Section In first Chapter</title>			</subsection>
			<subsection>				<title>Twenty-ninth Subsection in third Section In first Chapter</title>			</subsection>
			<subsection>				<title>Thirtieth Subsection in third Section In first Chapter</title>			</subsection>
			<subsection>				<title>Thirty-first Subsection in third Section In first Chapter</title>			</subsection>
			<subsection>				<title>Thirty-second Subsection in third Section In first Chapter</title>			</subsection>
			<subsection>				<title>Thirty-third Subsection in third Section In first Chapter</title>			</subsection>
			<subsection>				<title>Thirty-fourth Subsection in third Section In first Chapter</title>			</subsection>
			<subsection>				<title>Thirty-fifth Subsection in third Section In first Chapter</title>			</subsection>
			<subsection>				<title>Thirty-sixth Subsection in third Section In first Chapter</title>			</subsection>
			<subsection>				<title>Thirty-seventh Subsection in third Section In first Chapter</title>			</subsection>
			<subsection>				<title>Thirty-eighth Subsection in third Section In first Chapter</title>			</subsection>
			<subsection>				<title>Thirty-ninth Subsection in third Section In first Chapter</title>			</subsection>
			<subsection>				<title>Fortieth Subsection in third Section In first Chapter</title>			</subsection>
			<subsection>				<title>Forty-first Subsection in third Section In first Chapter</title>			</subsection>
			<subsection>				<title>Forty-second Subsection in third Section In first Chapter</title>			</subsection>
			<subsection>				<title>Forty-third Subsection in third Section In first Chapter</title>			</subsection>
			<subsection>				<title>Forty-fourth Subsection in third Section In first Chapter</title>			</subsection>
			<subsection>				<title>Forty-fifth Subsection in third Section In first Chapter</title>			</subsection>
			<subsection>				<title>Forty-sixth Subsection in third Section In first Chapter</title>			</subsection>
			<subsection>				<title>Forty-seventh Subsection in third Section In first Chapter</title>			</subsection>
			<subsection>				<title>Forty-eighth Subsection in third Section In first Chapter</title>			</subsection>
			<subsection>				<title>Forty-ninth Subsection in third Section In first Chapter</title>			</subsection>
		</section>		<section>
			<title>Fourth Section In first Chapter</title>			<subsection>				<title>First Subsection in fourth Section In first Chapter</title>			</subsection>
			<subsection>				<title>Second Subsection in fourth Section In first Chapter</title>			</subsection>
			<subsection>				<title>Third Subsection in fourth Section In first Chapter</title>			</subsection>
			<subsection>				<title>Fourth Subsection in fourth Section In first Chapter</title>			</subsection>
			<subsection>				<title>Fifth Subsection in fourth Section In first Chapter</title>			</subsection>
			<subsection>				<title>Sixth Subsection in fourth Section In first Chapter</title>			</subsection>
			<subsection>				<title>Seventh Subsection in fourth Section In first Chapter</title>			</subsection>
			<subsection>				<title>Eighth Subsection in fourth Section In first Chapter</title>			</subsection>
			<subsection>				<title>Ninth Subsection in fourth Section In first Chapter</title>			</subsection>
			<subsection>				<title>Tenth Subsection in fourth Section In first Chapter</title>			</subsection>
			<subsection>				<title>Eleventh Subsection in fourth Section In first Chapter</title>			</subsection>
			<subsection>				<title>Twelveth Subsection in fourth Section In first Chapter</title>			</subsection>
			<subsection>				<title>Thirteenth Subsection in fourth Section In first Chapter</title>			</subsection>
			<subsection>				<title>Fourteenth Subsection in fourth Section In first Chapter</title>			</subsection>
		</section>	</chapter>	<chapter>
		<title>Second Chapter</title>
		<section>
			<title>First Section In second Chapter</title>			<subsection>				<title>First Subsection in first Section In second Chapter</title>			</subsection>
			<subsection>				<title>Second Subsection in first Section In second Chapter</title>			</subsection>
			<subsection>				<title>Third Subsection in first Section In second Chapter</title>			</subsection>
			<subsection>				<title>Fourth Subsection in first Section In second Chapter</title>			</subsection>
			<subsection>				<title>Fifth Subsection in first Section In second Chapter</title>			</subsection>
		</section>		<section>
			<title>Second Section In second Chapter</title>			<subsection>				<title>First Subsection in second Section In second Chapter</title>			</subsection>
			<subsection>				<title>Second Subsection in second Section In second Chapter</title>			</subsection>
			<subsection>				<title>Third Subsection in second Section In second Chapter</title>			</subsection>
			<subsection>				<title>Fourth Subsection in second Section In second Chapter</title>			</subsection>
			<subsection>				<title>Fifth Subsection in second Section In second Chapter</title>			</subsection>
			<subsection>				<title>Sixth Subsection in second Section In second Chapter</title>			</subsection>
			<subsection>				<title>Seventh Subsection in second Section In second Chapter</title>			</subsection>
			<subsection>				<title>Eighth Subsection in second Section In second Chapter</title>			</subsection>
			<subsection>				<title>Ninth Subsection in second Section In second Chapter</title>			</subsection>
			<subsection>				<title>Tenth Subsection in second Section In second Chapter</title>			</subsection>
			<subsection>				<title>Eleventh Subsection in second Section In second Chapter</title>			</subsection>
			<subsection>				<title>Twelveth Subsection in second Section In second Chapter</title>			</subsection>
			<subsection>				<title>Thirteenth Subsection in second Section In second Chapter</title>			</subsection>
			<subsection>				<title>Fourteenth Subsection in second Section In second Chapter</title>			</subsection>
		</section>		<section>
			<title>Third Section In second Chapter</title>			<subsection>				<title>First Subsection in third Section In second Chapter</title>			</subsection>
			<subsection>				<title>Second Subsection in third Section In second Chapter</title>			</subsection>
			<subsection>				<title>Third Subsection in third Section In second Chapter</title>			</subsection>
			<subsection>				<title>Fourth Subsection in third Section In second Chapter</title>			</subsection>
			<subsection>				<title>Fifth Subsection in third Section In second Chapter</title>			</subsection>
			<subsection>				<title>Sixth Subsection in third Section In second Chapter</title>			</subsection>
			<subsection>				<title>Seventh Subsection in third Section In second Chapter</title>			</subsection>
			<subsection>				<title>Eighth Subsection in third Section In second Chapter</title>			</subsection>
			<subsection>				<title>Ninth Subsection in third Section In second Chapter</title>			</subsection>
			<subsection>				<title>Tenth Subsection in third Section In second Chapter</title>			</subsection>
			<subsection>				<title>Eleventh Subsection in third Section In second Chapter</title>			</subsection>
			<subsection>				<title>Twelveth Subsection in third Section In second Chapter</title>			</subsection>
			<subsection>				<title>Thirteenth Subsection in third Section In second Chapter</title>			</subsection>
			<subsection>				<title>Fourteenth Subsection in third Section In second Chapter</title>			</subsection>
			<subsection>				<title>Fifthteenth Subsection in third Section In second Chapter</title>			</subsection>
			<subsection>				<title>Sixteenth Subsection in third Section In second Chapter</title>			</subsection>
			<subsection>				<title>Seventeenth Subsection in third Section In second Chapter</title>			</subsection>
			<subsection>				<title>Eighteenth Subsection in third Section In second Chapter</title>			</subsection>
			<subsection>				<title>Nineteenth Subsection in third Section In second Chapter</title>			</subsection>
			<subsection>				<title>Twentieth Subsection in third Section In second Chapter</title>			</subsection>
			<subsection>				<title>Twenty-first Subsection in third Section In second Chapter</title>			</subsection>
			<subsection>				<title>Twenty-second Subsection in third Section In second Chapter</title>			</subsection>
			<subsection>				<title>Twenty-third Subsection in third Section In second Chapter</title>			</subsection>
			<subsection>				<title>Twenty-fourth Subsection in third Section In second Chapter</title>			</subsection>
			<subsection>				<title>Twenty-fifth Subsection in third Section In second Chapter</title>			</subsection>
			<subsection>				<title>Twenty-sixth Subsection in third Section In second Chapter</title>			</subsection>
			<subsection>				<title>Twenty-seventh Subsection in third Section In second Chapter</title>			</subsection>
			<subsection>				<title>Twenty-eighth Subsection in third Section In second Chapter</title>			</subsection>
			<subsection>				<title>Twenty-ninth Subsection in third Section In second Chapter</title>			</subsection>
			<subsection>				<title>Thirtieth Subsection in third Section In second Chapter</title>			</subsection>
			<subsection>				<title>Thirty-first Subsection in third Section In second Chapter</title>			</subsection>
			<subsection>				<title>Thirty-second Subsection in third Section In second Chapter</title>			</subsection>
			<subsection>				<title>Thirty-third Subsection in third Section In second Chapter</title>			</subsection>
			<subsection>				<title>Thirty-fourth Subsection in third Section In second Chapter</title>			</subsection>
			<subsection>				<title>Thirty-fifth Subsection in third Section In second Chapter</title>			</subsection>
			<subsection>				<title>Thirty-sixth Subsection in third Section In second Chapter</title>			</subsection>
			<subsection>				<title>Thirty-seventh Subsection in third Section In second Chapter</title>			</subsection>
			<subsection>				<title>Thirty-eighth Subsection in third Section In second Chapter</title>			</subsection>
			<subsection>				<title>Thirty-ninth Subsection in third Section In second Chapter</title>			</subsection>
			<subsection>				<title>Fortieth Subsection in third Section In second Chapter</title>			</subsection>
			<subsection>				<title>Forty-first Subsection in third Section In second Chapter</title>			</subsection>
			<subsection>				<title>Forty-second Subsection in third Section In second Chapter</title>			</subsection>
			<subsection>				<title>Forty-third Subsection in third Section In second Chapter</title>			</subsection>
			<subsection>				<title>Forty-fourth Subsection in third Section In second Chapter</title>			</subsection>
			<subsection>				<title>Forty-fifth Subsection in third Section In second Chapter</title>			</subsection>
			<subsection>				<title>Forty-sixth Subsection in third Section In second Chapter</title>			</subsection>
			<subsection>				<title>Forty-seventh Subsection in third Section In second Chapter</title>			</subsection>
			<subsection>				<title>Forty-eighth Subsection in third Section In second Chapter</title>			</subsection>
			<subsection>				<title>Forty-ninth Subsection in third Section In second Chapter</title>			</subsection>
		</section>		<section>
			<title>Fouth Section In second Chapter</title>			<subsection>				<title>First Subsection in fourth Section In second Chapter</title>			</subsection>
			<subsection>				<title>Second Subsection in fourth Section In second Chapter</title>			</subsection>
			<subsection>				<title>Third Subsection in fourth Section In second Chapter</title>			</subsection>
			<subsection>				<title>Fourth Subsection in fourth Section In second Chapter</title>			</subsection>
			<subsection>				<title>Fifth Subsection in fourth Section In second Chapter</title>			</subsection>
			<subsection>				<title>Sixth Subsection in fourth Section In second Chapter</title>			</subsection>
			<subsection>				<title>Seventh Subsection in fourth Section In second Chapter</title>			</subsection>
			<subsection>				<title>Eighth Subsection in fourth Section In second Chapter</title>			</subsection>
			<subsection>				<title>Ninth Subsection in fourth Section In second Chapter</title>			</subsection>
			<subsection>				<title>Tenth Subsection in fourth Section In second Chapter</title>			</subsection>
			<subsection>				<title>Eleventh Subsection in fourth Section In second Chapter</title>			</subsection>
			<subsection>				<title>Twelveth Subsection in fourth Section In second Chapter</title>			</subsection>
			<subsection>				<title>Thirteenth Subsection in fourth Section In second Chapter</title>			</subsection>
			<subsection>				<title>Fourteenth Subsection in fourth Section In second Chapter</title>			</subsection>
		</section>	</chapter>	
	<chapter>
		<title>Third Chapter</title>
		<section>
			<title>First Section In third Chapter</title>			<subsection>				<title>First Subsection in first Section In third Chapter</title>			</subsection>
		</section>	</chapter>	<chapter>
		<title>Fourth Chapter</title>
		<section>
			<title>First Section In fourth Chapter</title>			<subsection>				<title>First Subsection in first Section In fourth Chapter</title>			</subsection>
		</section>	</chapter>	<chapter>
		<title>Fifth Chapter</title>
		<section>
			<title>First Section In fifth Chapter</title>			<subsection>				<title>First Subsection in first Section In fifth Chapter</title>			</subsection>
		</section>	</chapter>	<chapter>
		<title>Sixth Chapter</title>
		<section>
			<title>First Section In sixth Chapter</title>			<subsection>				<title>First Subsection in first Section In sixth Chapter</title>			</subsection>
		</section>	</chapter>	<chapter>
		<title>Seventh Chapter</title>
		<section>
			<title>First Section In seventh Chapter</title>			<subsection>				<title>First Subsection in first Section In seventh Chapter</title>			</subsection>
		</section>	</chapter>	<chapter>
		<title>Eighth Chapter</title>
		<section>
			<title>First Section In eighth Chapter</title>			<subsection>				<title>First Subsection in first Section In eighth Chapter</title>			</subsection>
		</section>	</chapter>	<chapter>
		<title>Ninth Chapter</title>
		<section>
			<title>First Section In ninth Chapter</title>			<subsection>				<title>First Subsection in first Section In ninth Chapter</title>			</subsection>
		</section>	</chapter>	<chapter>
		<title>Tenth Chapter</title>
		<section>
			<title>First Section In tenth Chapter</title>			<subsection>				<title>First Subsection in first Section In tenth Chapter</title>			</subsection>
		</section>	</chapter>	<chapter>
		<title>Eleventh Chapter</title>
		<section>
			<title>First Section In eleventh Chapter</title>			<subsection>				<title>First Subsection in first Section In eleventh Chapter</title>			</subsection>
		</section>	</chapter>	<chapter>
		<title>Twelvth Chapter</title>
		<section>
			<title>First Section In twelvth Chapter</title>			<subsection>				<title>First Subsection in first Section In twelvth Chapter</title>			</subsection>
		</section>	</chapter>	<chapter>
		<title>Thirteenth Chapter</title>
		<section>
			<title>First Section In thirteenth Chapter</title>			<subsection>				<title>First Subsection in first Section In thirteenth Chapter</title>			</subsection>
		</section>	</chapter>	<chapter>
		<title>Fourteenth Chapter</title>
		<section>
			<title>First Section In fourteenth Chapter</title>			<subsection>				<title>First Subsection in first Section In fourteenth Chapter</title>			</subsection>
			<subsection>				<title>Second Subsection in first Section In fourteenth Chapter</title>			</subsection>
			<subsection>				<title>Third Subsection in first Section In fourteenth Chapter</title>			</subsection>
			<subsection>				<title>Fourth Subsection in first Section In fourteenth Chapter</title>			</subsection>
			<subsection>				<title>Fifth Subsection in first Section In fourteenth Chapter</title>			</subsection>
		</section>		<section>
			<title>Second Section In fourteenth Chapter</title>			<subsection>				<title>First Subsection in second Section In fourteenth Chapter</title>			</subsection>
			<subsection>				<title>Second Subsection in second Section In fourteenth Chapter</title>			</subsection>
			<subsection>				<title>Third Subsection in second Section In fourteenth Chapter</title>			</subsection>
			<subsection>				<title>Fourth Subsection in second Section In fourteenth Chapter</title>			</subsection>
			<subsection>				<title>Fifth Subsection in second Section In fourteenth Chapter</title>			</subsection>
			<subsection>				<title>Sixth Subsection in second Section In fourteenth Chapter</title>			</subsection>
			<subsection>				<title>Seventh Subsection in second Section In fourteenth Chapter</title>			</subsection>
			<subsection>				<title>Eighth Subsection in second Section In fourteenth Chapter</title>			</subsection>
			<subsection>				<title>Ninth Subsection in second Section In fourteenth Chapter</title>			</subsection>
			<subsection>				<title>Tenth Subsection in second Section In fourteenth Chapter</title>			</subsection>
			<subsection>				<title>Eleventh Subsection in second Section In fourteenth Chapter</title>			</subsection>
			<subsection>				<title>Twelveth Subsection in second Section In fourteenth Chapter</title>			</subsection>
			<subsection>				<title>Thirteenth Subsection in second Section In fourteenth Chapter</title>			</subsection>
			<subsection>				<title>Fourteenth Subsection in second Section In fourteenth Chapter</title>			</subsection>
		</section>		<section>
			<title>Third Section In fourteenth Chapter</title>			<subsection>				<title>First Subsection in third Section In fourteenth Chapter</title>			</subsection>
			<subsection>				<title>Second Subsection in third Section In fourteenth Chapter</title>			</subsection>
			<subsection>				<title>Third Subsection in third Section In fourteenth Chapter</title>			</subsection>
			<subsection>				<title>Fourth Subsection in third Section In fourteenth Chapter</title>			</subsection>
			<subsection>				<title>Fifth Subsection in third Section In fourteenth Chapter</title>			</subsection>
			<subsection>				<title>Sixth Subsection in third Section In fourteenth Chapter</title>			</subsection>
			<subsection>				<title>Seventh Subsection in third Section In fourteenth Chapter</title>			</subsection>
			<subsection>				<title>Eighth Subsection in third Section In fourteenth Chapter</title>			</subsection>
			<subsection>				<title>Ninth Subsection in third Section In fourteenth Chapter</title>			</subsection>
			<subsection>				<title>Tenth Subsection in third Section In fourteenth Chapter</title>			</subsection>
			<subsection>				<title>Eleventh Subsection in third Section In fourteenth Chapter</title>			</subsection>
			<subsection>				<title>Twelveth Subsection in third Section In fourteenth Chapter</title>			</subsection>
			<subsection>				<title>Thirteenth Subsection in third Section In fourteenth Chapter</title>			</subsection>
			<subsection>				<title>Fourteenth Subsection in third Section In fourteenth Chapter</title>			</subsection>
			<subsection>				<title>Fifthteenth Subsection in third Section In fourteenth Chapter</title>			</subsection>
			<subsection>				<title>Sixteenth Subsection in third Section In fourteenth Chapter</title>			</subsection>
			<subsection>				<title>Seventeenth Subsection in third Section In fourteenth Chapter</title>			</subsection>
			<subsection>				<title>Eighteenth Subsection in third Section In fourteenth Chapter</title>			</subsection>
			<subsection>				<title>Nineteenth Subsection in third Section In fourteenth Chapter</title>			</subsection>
			<subsection>				<title>Twentieth Subsection in third Section In fourteenth Chapter</title>			</subsection>
			<subsection>				<title>Twenty-first Subsection in third Section In fourteenth Chapter</title>			</subsection>
			<subsection>				<title>Twenty-second Subsection in third Section In fourteenth Chapter</title>			</subsection>
			<subsection>				<title>Twenty-third Subsection in third Section In fourteenth Chapter</title>			</subsection>
			<subsection>				<title>Twenty-fourth Subsection in third Section In fourteenth Chapter</title>			</subsection>
			<subsection>				<title>Twenty-fifth Subsection in third Section In fourteenth Chapter</title>			</subsection>
			<subsection>				<title>Twenty-sixth Subsection in third Section In fourteenth Chapter</title>			</subsection>
			<subsection>				<title>Twenty-seventh Subsection in third Section In fourteenth Chapter</title>			</subsection>
			<subsection>				<title>Twenty-eighth Subsection in third Section In fourteenth Chapter</title>			</subsection>
			<subsection>				<title>Twenty-ninth Subsection in third Section In fourteenth Chapter</title>			</subsection>
			<subsection>				<title>Thirtieth Subsection in third Section In fourteenth Chapter</title>			</subsection>
			<subsection>				<title>Thirty-first Subsection in third Section In fourteenth Chapter</title>			</subsection>
			<subsection>				<title>Thirty-second Subsection in third Section In fourteenth Chapter</title>			</subsection>
			<subsection>				<title>Thirty-third Subsection in third Section In fourteenth Chapter</title>			</subsection>
			<subsection>				<title>Thirty-fourth Subsection in third Section In fourteenth Chapter</title>			</subsection>
			<subsection>				<title>Thirty-fifth Subsection in third Section In fourteenth Chapter</title>			</subsection>
			<subsection>				<title>Thirty-sixth Subsection in third Section In fourteenth Chapter</title>			</subsection>
			<subsection>				<title>Thirty-seventh Subsection in third Section In fourteenth Chapter</title>			</subsection>
			<subsection>				<title>Thirty-eighth Subsection in third Section In fourteenth Chapter</title>			</subsection>
			<subsection>				<title>Thirty-ninth Subsection in third Section In fourteenth Chapter</title>			</subsection>
			<subsection>				<title>Fortieth Subsection in third Section In fourteenth Chapter</title>			</subsection>
			<subsection>				<title>Forty-first Subsection in third Section In fourteenth Chapter</title>			</subsection>
			<subsection>				<title>Forty-second Subsection in third Section In fourteenth Chapter</title>			</subsection>
			<subsection>				<title>Forty-third Subsection in third Section In fourteenth Chapter</title>			</subsection>
			<subsection>				<title>Forty-fourth Subsection in third Section In fourteenth Chapter</title>			</subsection>
			<subsection>				<title>Forty-fifth Subsection in third Section In fourteenth Chapter</title>			</subsection>
			<subsection>				<title>Forty-sixth Subsection in third Section In fourteenth Chapter</title>			</subsection>
			<subsection>				<title>Forty-seventh Subsection in third Section In fourteenth Chapter</title>			</subsection>
			<subsection>				<title>Forty-eighth Subsection in third Section In fourteenth Chapter</title>			</subsection>
			<subsection>				<title>Forty-ninth Subsection in third Section In fourteenth Chapter</title>			</subsection>
		</section>		<section>
			<title>Fourth Section In fourteenth Chapter</title>			<subsection>				<title>First Subsection in fourth Section In fourteenth Chapter</title>			</subsection>
			<subsection>				<title>Second Subsection in fourth Section In fourteenth Chapter</title>			</subsection>
			<subsection>				<title>Third Subsection in fourth Section In fourteenth Chapter</title>			</subsection>
			<subsection>				<title>Fourth Subsection in fourth Section In fourteenth Chapter</title>			</subsection>
			<subsection>				<title>Fifth Subsection in fourth Section In fourteenth Chapter</title>			</subsection>
			<subsection>				<title>Sixth Subsection in fourth Section In fourteenth Chapter</title>			</subsection>
			<subsection>				<title>Seventh Subsection in fourth Section In fourteenth Chapter</title>			</subsection>
			<subsection>				<title>Eighth Subsection in fourth Section In fourteenth Chapter</title>			</subsection>
			<subsection>				<title>Ninth Subsection in fourth Section In fourteenth Chapter</title>			</subsection>
			<subsection>				<title>Tenth Subsection in fourth Section In fourteenth Chapter</title>			</subsection>
			<subsection>				<title>Eleventh Subsection in fourth Section In fourteenth Chapter</title>			</subsection>
			<subsection>				<title>Twelveth Subsection in fourth Section In fourteenth Chapter</title>			</subsection>
			<subsection>				<title>Thirteenth Subsection in fourth Section In fourteenth Chapter</title>			</subsection>
			<subsection>				<title>Fourteenth Subsection in fourth Section In fourteenth Chapter</title>			</subsection>
		</section>	</chapter>
	<appendix>
		<title>First Appendix</title>
		<section>
			<title>First Section In first Appendix</title>			<subsection>				<title>First Subsection in first Section In first Appendix</title>			</subsection>
			<subsection>				<title>Second Subsection in first Section In first Appendix</title>			</subsection>
			<subsection>				<title>Third Subsection in first Section In first Appendix</title>			</subsection>
			<subsection>				<title>Fourth Subsection in first Section In first Appendix</title>			</subsection>
			<subsection>				<title>Fifth Subsection in first Section In first Appendix</title>			</subsection>
		</section>		<section>
			<title>Second Section In first Appendix</title>			<subsection>				<title>First Subsection in second Section In first Appendix</title>			</subsection>
			<subsection>				<title>Second Subsection in second Section In first Appendix</title>			</subsection>
			<subsection>				<title>Third Subsection in second Section In first Appendix</title>			</subsection>
			<subsection>				<title>Fourth Subsection in second Section In first Appendix</title>			</subsection>
			<subsection>				<title>Fifth Subsection in second Section In first Appendix</title>			</subsection>
			<subsection>				<title>Sixth Subsection in second Section In first Appendix</title>			</subsection>
			<subsection>				<title>Seventh Subsection in second Section In first Appendix</title>			</subsection>
			<subsection>				<title>Eighth Subsection in second Section In first Appendix</title>			</subsection>
			<subsection>				<title>Ninth Subsection in second Section In first Appendix</title>			</subsection>
			<subsection>				<title>Tenth Subsection in second Section In first Appendix</title>			</subsection>
			<subsection>				<title>Eleventh Subsection in second Section In first Appendix</title>			</subsection>
			<subsection>				<title>Twelveth Subsection in second Section In first Appendix</title>			</subsection>
			<subsection>				<title>Thirteenth Subsection in second Section In first Appendix</title>			</subsection>
			<subsection>				<title>Fourteenth Subsection in second Section In first Appendix</title>			</subsection>
		</section>		<section>
			<title>Third Section In first Appendix</title>			<subsection>				<title>First Subsection in third Section In first Appendix</title>			</subsection>
			<subsection>				<title>Second Subsection in third Section In first Appendix</title>			</subsection>
			<subsection>				<title>Third Subsection in third Section In first Appendix</title>			</subsection>
			<subsection>				<title>Fourth Subsection in third Section In first Appendix</title>			</subsection>
			<subsection>				<title>Fifth Subsection in third Section In first Appendix</title>			</subsection>
			<subsection>				<title>Sixth Subsection in third Section In first Appendix</title>			</subsection>
			<subsection>				<title>Seventh Subsection in third Section In first Appendix</title>			</subsection>
			<subsection>				<title>Eighth Subsection in third Section In first Appendix</title>			</subsection>
			<subsection>				<title>Ninth Subsection in third Section In first Appendix</title>			</subsection>
			<subsection>				<title>Tenth Subsection in third Section In first Appendix</title>			</subsection>
			<subsection>				<title>Eleventh Subsection in third Section In first Appendix</title>			</subsection>
			<subsection>				<title>Twelveth Subsection in third Section In first Appendix</title>			</subsection>
			<subsection>				<title>Thirteenth Subsection in third Section In first Appendix</title>			</subsection>
			<subsection>				<title>Fourteenth Subsection in third Section In first Appendix</title>			</subsection>
			<subsection>				<title>Fifthteenth Subsection in third Section In first Appendix</title>			</subsection>
			<subsection>				<title>Sixteenth Subsection in third Section In first Appendix</title>			</subsection>
			<subsection>				<title>Seventeenth Subsection in third Section In first Appendix</title>			</subsection>
			<subsection>				<title>Eighteenth Subsection in third Section In first Appendix</title>			</subsection>
			<subsection>				<title>Nineteenth Subsection in third Section In first Appendix</title>			</subsection>
			<subsection>				<title>Twentieth Subsection in third Section In first Appendix</title>			</subsection>
			<subsection>				<title>Twenty-first Subsection in third Section In first Appendix</title>			</subsection>
			<subsection>				<title>Twenty-second Subsection in third Section In first Appendix</title>			</subsection>
			<subsection>				<title>Twenty-third Subsection in third Section In first Appendix</title>			</subsection>
			<subsection>				<title>Twenty-fourth Subsection in third Section In first Appendix</title>			</subsection>
			<subsection>				<title>Twenty-fifth Subsection in third Section In first Appendix</title>			</subsection>
			<subsection>				<title>Twenty-sixth Subsection in third Section In first Appendix</title>			</subsection>
			<subsection>				<title>Twenty-seventh Subsection in third Section In first Appendix</title>			</subsection>
			<subsection>				<title>Twenty-eighth Subsection in third Section In first Appendix</title>			</subsection>
			<subsection>				<title>Twenty-ninth Subsection in third Section In first Appendix</title>			</subsection>
			<subsection>				<title>Thirtieth Subsection in third Section In first Appendix</title>			</subsection>
			<subsection>				<title>Thirty-first Subsection in third Section In first Appendix</title>			</subsection>
			<subsection>				<title>Thirty-second Subsection in third Section In first Appendix</title>			</subsection>
			<subsection>				<title>Thirty-third Subsection in third Section In first Appendix</title>			</subsection>
			<subsection>				<title>Thirty-fourth Subsection in third Section In first Appendix</title>			</subsection>
			<subsection>				<title>Thirty-fifth Subsection in third Section In first Appendix</title>			</subsection>
			<subsection>				<title>Thirty-sixth Subsection in third Section In first Appendix</title>			</subsection>
			<subsection>				<title>Thirty-seventh Subsection in third Section In first Appendix</title>			</subsection>
			<subsection>				<title>Thirty-eighth Subsection in third Section In first Appendix</title>			</subsection>
			<subsection>				<title>Thirty-ninth Subsection in third Section In first Appendix</title>			</subsection>
			<subsection>				<title>Fortieth Subsection in third Section In first Appendix</title>			</subsection>
			<subsection>				<title>Forty-first Subsection in third Section In first Appendix</title>			</subsection>
			<subsection>				<title>Forty-second Subsection in third Section In first Appendix</title>			</subsection>
			<subsection>				<title>Forty-third Subsection in third Section In first Appendix</title>			</subsection>
			<subsection>				<title>Forty-fourth Subsection in third Section In first Appendix</title>			</subsection>
			<subsection>				<title>Forty-fifth Subsection in third Section In first Appendix</title>			</subsection>
			<subsection>				<title>Forty-sixth Subsection in third Section In first Appendix</title>			</subsection>
			<subsection>				<title>Forty-seventh Subsection in third Section In first Appendix</title>			</subsection>
			<subsection>				<title>Forty-eighth Subsection in third Section In first Appendix</title>			</subsection>
			<subsection>				<title>Forty-ninth Subsection in third Section In first Appendix</title>			</subsection>
		</section>		<section>
			<title>Fourth Section In first Appendix</title>			<subsection>				<title>First Subsection in fourth Section In first Appendix</title>			</subsection>
			<subsection>				<title>Second Subsection in fourth Section In first Appendix</title>			</subsection>
			<subsection>				<title>Third Subsection in fourth Section In first Appendix</title>			</subsection>
			<subsection>				<title>Fourth Subsection in fourth Section In first Appendix</title>			</subsection>
			<subsection>				<title>Fifth Subsection in fourth Section In first Appendix</title>			</subsection>
			<subsection>				<title>Sixth Subsection in fourth Section In first Appendix</title>			</subsection>
			<subsection>				<title>Seventh Subsection in fourth Section In first Appendix</title>			</subsection>
			<subsection>				<title>Eighth Subsection in fourth Section In first Appendix</title>			</subsection>
			<subsection>				<title>Ninth Subsection in fourth Section In first Appendix</title>			</subsection>
			<subsection>				<title>Tenth Subsection in fourth Section In first Appendix</title>			</subsection>
			<subsection>				<title>Eleventh Subsection in fourth Section In first Appendix</title>			</subsection>
			<subsection>				<title>Twelveth Subsection in fourth Section In first Appendix</title>			</subsection>
			<subsection>				<title>Thirteenth Subsection in fourth Section In first Appendix</title>			</subsection>
			<subsection>				<title>Fourteenth Subsection in fourth Section In first Appendix</title>			</subsection>
		</section>	</appendix>	<appendix>
		<title>Second Appendix</title>
		<section>
			<title>First Section In second Appendix</title>			<subsection>				<title>First Subsection in first Section In second Appendix</title>			</subsection>
			<subsection>				<title>Second Subsection in first Section In second Appendix</title>			</subsection>
			<subsection>				<title>Third Subsection in first Section In second Appendix</title>			</subsection>
			<subsection>				<title>Fourth Subsection in first Section In second Appendix</title>			</subsection>
			<subsection>				<title>Fifth Subsection in first Section In second Appendix</title>			</subsection>
		</section>		<section>
			<title>Second Section In second Appendix</title>			<subsection>				<title>First Subsection in second Section In second Appendix</title>			</subsection>
			<subsection>				<title>Second Subsection in second Section In second Appendix</title>			</subsection>
			<subsection>				<title>Third Subsection in second Section In second Appendix</title>			</subsection>
			<subsection>				<title>Fourth Subsection in second Section In second Appendix</title>			</subsection>
			<subsection>				<title>Fifth Subsection in second Section In second Appendix</title>			</subsection>
			<subsection>				<title>Sixth Subsection in second Section In second Appendix</title>			</subsection>
			<subsection>				<title>Seventh Subsection in second Section In second Appendix</title>			</subsection>
			<subsection>				<title>Eighth Subsection in second Section In second Appendix</title>			</subsection>
			<subsection>				<title>Ninth Subsection in second Section In second Appendix</title>			</subsection>
			<subsection>				<title>Tenth Subsection in second Section In second Appendix</title>			</subsection>
			<subsection>				<title>Eleventh Subsection in second Section In second Appendix</title>			</subsection>
			<subsection>				<title>Twelveth Subsection in second Section In second Appendix</title>			</subsection>
			<subsection>				<title>Thirteenth Subsection in second Section In second Appendix</title>			</subsection>
			<subsection>				<title>Fourteenth Subsection in second Section In second Appendix</title>			</subsection>
		</section>		<section>
			<title>Third Section In second Appendix</title>			<subsection>				<title>First Subsection in third Section In second Appendix</title>			</subsection>
			<subsection>				<title>Second Subsection in third Section In second Appendix</title>			</subsection>
			<subsection>				<title>Third Subsection in third Section In second Appendix</title>			</subsection>
			<subsection>				<title>Fourth Subsection in third Section In second Appendix</title>			</subsection>
			<subsection>				<title>Fifth Subsection in third Section In second Appendix</title>			</subsection>
			<subsection>				<title>Sixth Subsection in third Section In second Appendix</title>			</subsection>
			<subsection>				<title>Seventh Subsection in third Section In second Appendix</title>			</subsection>
			<subsection>				<title>Eighth Subsection in third Section In second Appendix</title>			</subsection>
			<subsection>				<title>Ninth Subsection in third Section In second Appendix</title>			</subsection>
			<subsection>				<title>Tenth Subsection in third Section In second Appendix</title>			</subsection>
			<subsection>				<title>Eleventh Subsection in third Section In second Appendix</title>			</subsection>
			<subsection>				<title>Twelveth Subsection in third Section In second Appendix</title>			</subsection>
			<subsection>				<title>Thirteenth Subsection in third Section In second Appendix</title>			</subsection>
			<subsection>				<title>Fourteenth Subsection in third Section In second Appendix</title>			</subsection>
			<subsection>				<title>Fifthteenth Subsection in third Section In second Appendix</title>			</subsection>
			<subsection>				<title>Sixteenth Subsection in third Section In second Appendix</title>			</subsection>
			<subsection>				<title>Seventeenth Subsection in third Section In second Appendix</title>			</subsection>
			<subsection>				<title>Eighteenth Subsection in third Section In second Appendix</title>			</subsection>
			<subsection>				<title>Nineteenth Subsection in third Section In second Appendix</title>			</subsection>
			<subsection>				<title>Twentieth Subsection in third Section In second Appendix</title>			</subsection>
			<subsection>				<title>Twenty-first Subsection in third Section In second Appendix</title>			</subsection>
			<subsection>				<title>Twenty-second Subsection in third Section In second Appendix</title>			</subsection>
			<subsection>				<title>Twenty-third Subsection in third Section In second Appendix</title>			</subsection>
			<subsection>				<title>Twenty-fourth Subsection in third Section In second Appendix</title>			</subsection>
			<subsection>				<title>Twenty-fifth Subsection in third Section In second Appendix</title>			</subsection>
			<subsection>				<title>Twenty-sixth Subsection in third Section In second Appendix</title>			</subsection>
			<subsection>				<title>Twenty-seventh Subsection in third Section In second Appendix</title>			</subsection>
			<subsection>				<title>Twenty-eighth Subsection in third Section In second Appendix</title>			</subsection>
			<subsection>				<title>Twenty-ninth Subsection in third Section In second Appendix</title>			</subsection>
			<subsection>				<title>Thirtieth Subsection in third Section In second Appendix</title>			</subsection>
			<subsection>				<title>Thirty-first Subsection in third Section In second Appendix</title>			</subsection>
			<subsection>				<title>Thirty-second Subsection in third Section In second Appendix</title>			</subsection>
			<subsection>				<title>Thirty-third Subsection in third Section In second Appendix</title>			</subsection>
			<subsection>				<title>Thirty-fourth Subsection in third Section In second Appendix</title>			</subsection>
			<subsection>				<title>Thirty-fifth Subsection in third Section In second Appendix</title>			</subsection>
			<subsection>				<title>Thirty-sixth Subsection in third Section In second Appendix</title>			</subsection>
			<subsection>				<title>Thirty-seventh Subsection in third Section In second Appendix</title>			</subsection>
			<subsection>				<title>Thirty-eighth Subsection in third Section In second Appendix</title>			</subsection>
			<subsection>				<title>Thirty-ninth Subsection in third Section In second Appendix</title>			</subsection>
			<subsection>				<title>Fortieth Subsection in third Section In second Appendix</title>			</subsection>
			<subsection>				<title>Forty-first Subsection in third Section In second Appendix</title>			</subsection>
			<subsection>				<title>Forty-second Subsection in third Section In second Appendix</title>			</subsection>
			<subsection>				<title>Forty-third Subsection in third Section In second Appendix</title>			</subsection>
			<subsection>				<title>Forty-fourth Subsection in third Section In second Appendix</title>			</subsection>
			<subsection>				<title>Forty-fifth Subsection in third Section In second Appendix</title>			</subsection>
			<subsection>				<title>Forty-sixth Subsection in third Section In second Appendix</title>			</subsection>
			<subsection>				<title>Forty-seventh Subsection in third Section In second Appendix</title>			</subsection>
			<subsection>				<title>Forty-eighth Subsection in third Section In second Appendix</title>			</subsection>
			<subsection>				<title>Forty-ninth Subsection in third Section In second Appendix</title>			</subsection>
			<subsection>				<title>Fiftieth Subsection in third Section In second Appendix</title>			</subsection>
			<subsection>				<title>Fifty-first Subsection in third Section In second Appendix</title>			</subsection>
			<subsection>				<title>Fifty-second Subsection in third Section In second Appendix</title>			</subsection>
			<subsection>				<title>Fifty-third Subsection in third Section In second Appendix</title>			</subsection>
			<subsection>				<title>Fifty-fourth Subsection in third Section In second Appendix</title>			</subsection>
			<subsection>				<title>Fifty-fifth Subsection in third Section In second Appendix</title>			</subsection>
			<subsection>				<title>Fifty-sixth Subsection in third Section In second Appendix</title>			</subsection>
			<subsection>				<title>Fifty-seventh Subsection in third Section In second Appendix</title>			</subsection>
			<subsection>				<title>Fifty-eighth Subsection in third Section In second Appendix</title>			</subsection>
			<subsection>				<title>Fifty-ninth Subsection in third Section In second Appendix</title>			</subsection>
		</section>		<section>
			<title>Fourth Section In second Appendix</title>			<subsection>				<title>First Subsection in fourth Section In second Appendix</title>			</subsection>
			<subsection>				<title>Second Subsection in fourth Section In second Appendix</title>			</subsection>
			<subsection>				<title>Third Subsection in fourth Section In second Appendix</title>			</subsection>
			<subsection>				<title>Fourth Subsection in fourth Section In second Appendix</title>			</subsection>
			<subsection>				<title>Fifth Subsection in fourth Section In second Appendix</title>			</subsection>
			<subsection>				<title>Sixth Subsection in fourth Section In second Appendix</title>			</subsection>
			<subsection>				<title>Seventh Subsection in fourth Section In second Appendix</title>			</subsection>
			<subsection>				<title>Eighth Subsection in fourth Section In second Appendix</title>			</subsection>
			<subsection>				<title>Ninth Subsection in fourth Section In second Appendix</title>			</subsection>
			<subsection>				<title>Tenth Subsection in fourth Section In second Appendix</title>			</subsection>
			<subsection>				<title>Eleventh Subsection in fourth Section In second Appendix</title>			</subsection>
			<subsection>				<title>Twelveth Subsection in fourth Section In second Appendix</title>			</subsection>
			<subsection>				<title>Thirteenth Subsection in fourth Section In second Appendix</title>			</subsection>
			<subsection>				<title>Fourteenth Subsection in fourth Section In second Appendix</title>			</subsection>
		</section>	</appendix>	
	<appendix>
		<title>Third Appendix</title>
		<section>
			<title>First Section In third Appendix</title>			<subsection>				<title>First Subsection in first Section In third Appendix</title>			</subsection>
		</section>	</appendix>	<appendix>
		<title>Fourth Appendix</title>
		<section>
			<title>First Section In fourth Appendix</title>			<subsection>				<title>First Subsection in first Section In fourth Appendix</title>			</subsection>
		</section>	</appendix>	<appendix>
		<title>Fifth Appendix</title>
		<section>
			<title>First Section In fifth Appendix</title>			<subsection>				<title>First Subsection in first Section In fifth Appendix</title>			</subsection>
		</section>	</appendix>	<appendix>
		<title>Sixth Appendix</title>
		<section>
			<title>First Section In sixth Appendix</title>			<subsection>				<title>First Subsection in first Section In sixth Appendix</title>			</subsection>
		</section>	</appendix>	<appendix>
		<title>Seventh Appendix</title>
		<section>
			<title>First Section In seventh Appendix</title>			<subsection>				<title>First Subsection in first Section In seventh Appendix</title>			</subsection>
		</section>	</appendix>	<appendix>
		<title>Eighth Appendix</title>
		<section>
			<title>First Section In eighth Appendix</title>			<subsection>				<title>First Subsection in first Section In eighth Appendix</title>			</subsection>
		</section>	</appendix>	<appendix>
		<title>Ninth Appendix</title>
		<section>
			<title>First Section In ninth Appendix</title>			<subsection>				<title>First Subsection in first Section In ninth Appendix</title>			</subsection>
		</section>	</appendix>	<appendix>
		<title>Tenth Appendix</title>
		<section>
			<title>First Section In tenth Appendix</title>			<subsection>				<title>First Subsection in first Section In tenth Appendix</title>			</subsection>
		</section>	</appendix>	<appendix>
		<title>Eleventh Appendix</title>
		<section>
			<title>First Section In eleventh Appendix</title>			<subsection>				<title>First Subsection in first Section In eleventh Appendix</title>			</subsection>
		</section>	</appendix>	<appendix>
		<title>Twelvth Appendix</title>
		<section>
			<title>First Section In twelvth Appendix</title>			<subsection>				<title>First Subsection in first Section In twelvth Appendix</title>			</subsection>
		</section>	</appendix>	<appendix>
		<title>Thirteenth Appendix</title>
		<section>
			<title>First Section In thirteenth Appendix</title>			<subsection>				<title>First Subsection in first Section In thirteenth Appendix</title>			</subsection>
		</section>	</appendix>	<appendix>
		<title>Fourteenth Appendix</title>
		<section>
			<title>First Section In fourteenth Appendix</title>			<subsection>				<title>First Subsection in first Section In fourteenth Appendix</title>			</subsection>
			<subsection>				<title>Second Subsection in first Section In fourteenth Appendix</title>			</subsection>
			<subsection>				<title>Third Subsection in first Section In fourteenth Appendix</title>			</subsection>
			<subsection>				<title>Fourth Subsection in first Section In fourteenth Appendix</title>			</subsection>
			<subsection>				<title>Fifth Subsection in first Section In fourteenth Appendix</title>			</subsection>
		</section>		<section>
			<title>Second Section In fourteenth Appendix</title>			<subsection>				<title>First Subsection in second Section In fourteenth Appendix</title>			</subsection>
			<subsection>				<title>Second Subsection in second Section In fourteenth Appendix</title>			</subsection>
			<subsection>				<title>Third Subsection in second Section In fourteenth Appendix</title>			</subsection>
			<subsection>				<title>Fourth Subsection in second Section In fourteenth Appendix</title>			</subsection>
			<subsection>				<title>Fifth Subsection in second Section In fourteenth Appendix</title>			</subsection>
			<subsection>				<title>Sixth Subsection in second Section In fourteenth Appendix</title>			</subsection>
			<subsection>				<title>Seventh Subsection in second Section In fourteenth Appendix</title>			</subsection>
			<subsection>				<title>Eighth Subsection in second Section In fourteenth Appendix</title>			</subsection>
			<subsection>				<title>Ninth Subsection in second Section In fourteenth Appendix</title>			</subsection>
			<subsection>				<title>Tenth Subsection in second Section In fourteenth Appendix</title>			</subsection>
			<subsection>				<title>Eleventh Subsection in second Section In fourteenth Appendix</title>			</subsection>
			<subsection>				<title>Twelveth Subsection in second Section In fourteenth Appendix</title>			</subsection>
			<subsection>				<title>Thirteenth Subsection in second Section In fourteenth Appendix</title>			</subsection>
			<subsection>				<title>Fourteenth Subsection in second Section In fourteenth Appendix</title>			</subsection>
		</section>		<section>
			<title>Third Section In fourteenth Appendix</title>			<subsection>				<title>First Subsection in third Section In fourteenth Appendix</title>			</subsection>
			<subsection>				<title>Second Subsection in third Section In fourteenth Appendix</title>			</subsection>
			<subsection>				<title>Third Subsection in third Section In fourteenth Appendix</title>			</subsection>
			<subsection>				<title>Fourth Subsection in third Section In fourteenth Appendix</title>			</subsection>
			<subsection>				<title>Fifth Subsection in third Section In fourteenth Appendix</title>			</subsection>
			<subsection>				<title>Sixth Subsection in third Section In fourteenth Appendix</title>			</subsection>
			<subsection>				<title>Seventh Subsection in third Section In fourteenth Appendix</title>			</subsection>
			<subsection>				<title>Eighth Subsection in third Section In fourteenth Appendix</title>			</subsection>
			<subsection>				<title>Ninth Subsection in third Section In fourteenth Appendix</title>			</subsection>
			<subsection>				<title>Tenth Subsection in third Section In fourteenth Appendix</title>			</subsection>
			<subsection>				<title>Eleventh Subsection in third Section In fourteenth Appendix</title>			</subsection>
			<subsection>				<title>Twelveth Subsection in third Section In fourteenth Appendix</title>			</subsection>
			<subsection>				<title>Thirteenth Subsection in third Section In fourteenth Appendix</title>			</subsection>
			<subsection>				<title>Fourteenth Subsection in third Section In fourteenth Appendix</title>			</subsection>
			<subsection>				<title>Fifthteenth Subsection in third Section In fourteenth Appendix</title>			</subsection>
			<subsection>				<title>Sixteenth Subsection in third Section In fourteenth Appendix</title>			</subsection>
			<subsection>				<title>Seventeenth Subsection in third Section In fourteenth Appendix</title>			</subsection>
			<subsection>				<title>Eighteenth Subsection in third Section In fourteenth Appendix</title>			</subsection>
			<subsection>				<title>Nineteenth Subsection in third Section In fourteenth Appendix</title>			</subsection>
			<subsection>				<title>Twentieth Subsection in third Section In fourteenth Appendix</title>			</subsection>
			<subsection>				<title>Twenty-first Subsection in third Section In fourteenth Appendix</title>			</subsection>
			<subsection>				<title>Twenty-second Subsection in third Section In fourteenth Appendix</title>			</subsection>
			<subsection>				<title>Twenty-third Subsection in third Section In fourteenth Appendix</title>			</subsection>
			<subsection>				<title>Twenty-fourth Subsection in third Section In fourteenth Appendix</title>			</subsection>
			<subsection>				<title>Twenty-fifth Subsection in third Section In fourteenth Appendix</title>			</subsection>
			<subsection>				<title>Twenty-sixth Subsection in third Section In fourteenth Appendix</title>			</subsection>
			<subsection>				<title>Twenty-seventh Subsection in third Section In fourteenth Appendix</title>			</subsection>
			<subsection>				<title>Twenty-eighth Subsection in third Section In fourteenth Appendix</title>			</subsection>
			<subsection>				<title>Twenty-ninth Subsection in third Section In fourteenth Appendix</title>			</subsection>
			<subsection>				<title>Thirtieth Subsection in third Section In fourteenth Appendix</title>			</subsection>
			<subsection>				<title>Thirty-first Subsection in third Section In fourteenth Appendix</title>			</subsection>
			<subsection>				<title>Thirty-second Subsection in third Section In fourteenth Appendix</title>			</subsection>
			<subsection>				<title>Thirty-third Subsection in third Section In fourteenth Appendix</title>			</subsection>
			<subsection>				<title>Thirty-fourth Subsection in third Section In fourteenth Appendix</title>			</subsection>
			<subsection>				<title>Thirty-fifth Subsection in third Section In fourteenth Appendix</title>			</subsection>
			<subsection>				<title>Thirty-sixth Subsection in third Section In fourteenth Appendix</title>			</subsection>
			<subsection>				<title>Thirty-seventh Subsection in third Section In fourteenth Appendix</title>			</subsection>
			<subsection>				<title>Thirty-eighth Subsection in third Section In fourteenth Appendix</title>			</subsection>
			<subsection>				<title>Thirty-ninth Subsection in third Section In fourteenth Appendix</title>			</subsection>
			<subsection>				<title>Fortieth Subsection in third Section In fourteenth Appendix</title>			</subsection>
			<subsection>				<title>Forty-first Subsection in third Section In fourteenth Appendix</title>			</subsection>
			<subsection>				<title>Forty-second Subsection in third Section In fourteenth Appendix</title>			</subsection>
			<subsection>				<title>Forty-third Subsection in third Section In fourteenth Appendix</title>			</subsection>
			<subsection>				<title>Forty-fourth Subsection in third Section In fourteenth Appendix</title>			</subsection>
			<subsection>				<title>Forty-fifth Subsection in third Section In fourteenth Appendix</title>			</subsection>
			<subsection>				<title>Forty-sixth Subsection in third Section In fourteenth Appendix</title>			</subsection>
			<subsection>				<title>Forty-seventh Subsection in third Section In fourteenth Appendix</title>			</subsection>
			<subsection>				<title>Forty-eighth Subsection in third Section In fourteenth Appendix</title>			</subsection>
			<subsection>				<title>Forty-ninth Subsection in third Section In fourteenth Appendix</title>			</subsection>
		</section>		<section>
			<title>Fourth Section In fourteenth Appendix</title>			<subsection>				<title>First Subsection in fourth Section In fourteenth Appendix</title>			</subsection>
			<subsection>				<title>Second Subsection in fourth Section In fourteenth Appendix</title>			</subsection>
			<subsection>				<title>Third Subsection in fourth Section In fourteenth Appendix</title>			</subsection>
			<subsection>				<title>Fourth Subsection in fourth Section In fourteenth Appendix</title>			</subsection>
			<subsection>				<title>Fifth Subsection in fourth Section In fourteenth Appendix</title>			</subsection>
			<subsection>				<title>Sixth Subsection in fourth Section In fourteenth Appendix</title>			</subsection>
			<subsection>				<title>Seventh Subsection in fourth Section In fourteenth Appendix</title>			</subsection>
			<subsection>				<title>Eighth Subsection in fourth Section In fourteenth Appendix</title>			</subsection>
			<subsection>				<title>Ninth Subsection in fourth Section In fourteenth Appendix</title>			</subsection>
			<subsection>				<title>Tenth Subsection in fourth Section In fourteenth Appendix</title>			</subsection>
			<subsection>				<title>Eleventh Subsection in fourth Section In fourteenth Appendix</title>			</subsection>
			<subsection>				<title>Twelveth Subsection in fourth Section In fourteenth Appendix</title>			</subsection>
			<subsection>				<title>Thirteenth Subsection in fourth Section In fourteenth Appendix</title>			</subsection>
			<subsection>				<title>Fourteenth Subsection in fourth Section In fourteenth Appendix</title>			</subsection>
		</section>		<section>
			<title>XXXX Section In XXXX Appendix</title>			<subsection>				<title>XXXX Subsection in XXXX Section In XXXX Appendix</title>			</subsection>
		</section>

		<section>
			<title>XXXX Section In XXXX Appendix</title>			<subsection>				<title>XXXX Subsection in XXXX Section In XXXX Appendix</title>			</subsection>
		</section>

		<section>
			<title>XXXX Section In XXXX Appendix</title>			<subsection>				<title>XXXX Subsection in XXXX Section In XXXX Appendix</title>			</subsection>
		</section>

		<section>
			<title>XXXX Section In XXXX Appendix</title>			<subsection>				<title>XXXX Subsection in XXXX Section In XXXX Appendix</title>			</subsection>
		</section>

		<section>
			<title>XXXX Section In XXXX Appendix</title>			<subsection>				<title>XXXX Subsection in XXXX Section In XXXX Appendix</title>			</subsection>
		</section>

		<section>
			<title>XXXX Section In XXXX Appendix</title>			<subsection>				<title>XXXX Subsection in XXXX Section In XXXX Appendix</title>			</subsection>
		</section>

		<section>
			<title>XXXX Section In XXXX Appendix</title>			<subsection>				<title>XXXX Subsection in XXXX Section In XXXX Appendix</title>			</subsection>
		</section>

		<section>
			<title>XXXX Section In XXXX Appendix</title>			<subsection>				<title>XXXX Subsection in XXXX Section In XXXX Appendix</title>			</subsection>
		</section>

		<section>
			<title>XXXX Section In XXXX Appendix</title>			<subsection>				<title>XXXX Subsection in XXXX Section In XXXX Appendix</title>			</subsection>
		</section>

		<section>
			<title>XXXX Section In XXXX Appendix</title>			<subsection>				<title>XXXX Subsection in XXXX Section In XXXX Appendix</title>			</subsection>
		</section>

		<section>
			<title>XXXX Section In XXXX Appendix</title>			<subsection>				<title>XXXX Subsection in XXXX Section In XXXX Appendix</title>			</subsection>
		</section>

		<section>
			<title>XXXX Section In XXXX Appendix</title>			<subsection>				<title>XXXX Subsection in XXXX Section In XXXX Appendix</title>			</subsection>
		</section>

		<section>
			<title>XXXX Section In XXXX Appendix</title>			<subsection>				<title>XXXX Subsection in XXXX Section In XXXX Appendix</title>			</subsection>
		</section>

		<section>
			<title>XXXX Section In XXXX Appendix</title>			<subsection>				<title>XXXX Subsection in XXXX Section In XXXX Appendix</title>			</subsection>
		</section>

		<section>
			<title>XXXX Section In XXXX Appendix</title>			<subsection>				<title>XXXX Subsection in XXXX Section In XXXX Appendix</title>			</subsection>
		</section>

		<section>
			<title>XXXX Section In XXXX Appendix</title>			<subsection>				<title>XXXX Subsection in XXXX Section In XXXX Appendix</title>			</subsection>
		</section>

		<section>
			<title>XXXX Section In XXXX Appendix</title>			<subsection>				<title>XXXX Subsection in XXXX Section In XXXX Appendix</title>			</subsection>
		</section>

		<section>
			<title>XXXX Section In XXXX Appendix</title>			<subsection>				<title>XXXX Subsection in XXXX Section In XXXX Appendix</title>			</subsection>
		</section>

		<section>
			<title>XXXX Section In XXXX Appendix</title>			<subsection>				<title>XXXX Subsection in XXXX Section In XXXX Appendix</title>			</subsection>
		</section>

		<section>
			<title>XXXX Section In XXXX Appendix</title>			<subsection>				<title>XXXX Subsection in XXXX Section In XXXX Appendix</title>			</subsection>
		</section>

		<section>
			<title>XXXX Section In XXXX Appendix</title>			<subsection>				<title>XXXX Subsection in XXXX Section In XXXX Appendix</title>			</subsection>
		</section>

		<section>
			<title>XXXX Section In XXXX Appendix</title>			<subsection>				<title>XXXX Subsection in XXXX Section In XXXX Appendix</title>			</subsection>
		</section>

		<section>
			<title>XXXX Section In XXXX Appendix</title>			<subsection>				<title>XXXX Subsection in XXXX Section In XXXX Appendix</title>			</subsection>
		</section>

		<section>
			<title>XXXX Section In XXXX Appendix</title>			<subsection>				<title>XXXX Subsection in XXXX Section In XXXX Appendix</title>			</subsection>
		</section>

		<section>
			<title>XXXX Section In XXXX Appendix</title>			<subsection>				<title>XXXX Subsection in XXXX Section In XXXX Appendix</title>			</subsection>
		</section>

		<section>
			<title>XXXX Section In XXXX Appendix</title>			<subsection>				<title>XXXX Subsection in XXXX Section In XXXX Appendix</title>			</subsection>
		</section>

		<section>
			<title>XXXX Section In XXXX Appendix</title>			<subsection>				<title>XXXX Subsection in XXXX Section In XXXX Appendix</title>			</subsection>
		</section>

		<section>
			<title>XXXX Section In XXXX Appendix</title>			<subsection>				<title>XXXX Subsection in XXXX Section In XXXX Appendix</title>			</subsection>
		</section>

		<section>
			<title>XXXX Section In XXXX Appendix</title>			<subsection>				<title>XXXX Subsection in XXXX Section In XXXX Appendix</title>			</subsection>
		</section>

		<section>
			<title>XXXX Section In XXXX Appendix</title>			<subsection>				<title>XXXX Subsection in XXXX Section In XXXX Appendix</title>			</subsection>
		</section>

		<section>
			<title>XXXX Section In XXXX Appendix</title>			<subsection>				<title>XXXX Subsection in XXXX Section In XXXX Appendix</title>			</subsection>
		</section>

		<section>
			<title>XXXX Section In XXXX Appendix</title>			<subsection>				<title>XXXX Subsection in XXXX Section In XXXX Appendix</title>			</subsection>
		</section>

		<section>
			<title>XXXX Section In XXXX Appendix</title>			<subsection>				<title>XXXX Subsection in XXXX Section In XXXX Appendix</title>			</subsection>
		</section>

		<section>
			<title>XXXX Section In XXXX Appendix</title>			<subsection>				<title>XXXX Subsection in XXXX Section In XXXX Appendix</title>			</subsection>
		</section>

		<section>
			<title>XXXX Section In XXXX Appendix</title>			<subsection>				<title>XXXX Subsection in XXXX Section In XXXX Appendix</title>			</subsection>
		</section>

		<section>
			<title>XXXX Section In XXXX Appendix</title>			<subsection>				<title>XXXX Subsection in XXXX Section In XXXX Appendix</title>			</subsection>
		</section>

		<section>
			<title>XXXX Section In XXXX Appendix</title>			<subsection>				<title>XXXX Subsection in XXXX Section In XXXX Appendix</title>			</subsection>
		</section>

		<section>
			<title>XXXX Section In XXXX Appendix</title>			<subsection>				<title>XXXX Subsection in XXXX Section In XXXX Appendix</title>			</subsection>
		</section>

		<section>
			<title>XXXX Section In XXXX Appendix</title>			<subsection>				<title>XXXX Subsection in XXXX Section In XXXX Appendix</title>			</subsection>
		</section>

		<section>
			<title>XXXX Section In XXXX Appendix</title>			<subsection>				<title>XXXX Subsection in XXXX Section In XXXX Appendix</title>			</subsection>
		</section>

		<section>
			<title>XXXX Section In XXXX Appendix</title>			<subsection>				<title>XXXX Subsection in XXXX Section In XXXX Appendix</title>			</subsection>
		</section>

		<section>
			<title>XXXX Section In XXXX Appendix</title>			<subsection>				<title>XXXX Subsection in XXXX Section In XXXX Appendix</title>			</subsection>
		</section>

		<section>
			<title>XXXX Section In XXXX Appendix</title>			<subsection>				<title>XXXX Subsection in XXXX Section In XXXX Appendix</title>			</subsection>
		</section>

		<section>
			<title>XXXX Section In XXXX Appendix</title>			<subsection>				<title>XXXX Subsection in XXXX Section In XXXX Appendix</title>			</subsection>
		</section>

		<section>
			<title>XXXX Section In XXXX Appendix</title>			<subsection>				<title>XXXX Subsection in XXXX Section In XXXX Appendix</title>			</subsection>
		</section>

		<section>
			<title>XXXX Section In XXXX Appendix</title>			<subsection>				<title>XXXX Subsection in XXXX Section In XXXX Appendix</title>			</subsection>
		</section>

		<section>
			<title>XXXX Section In XXXX Appendix</title>			<subsection>				<title>XXXX Subsection in XXXX Section In XXXX Appendix</title>			</subsection>
		</section>

		<section>
			<title>XXXX Section In XXXX Appendix</title>			<subsection>				<title>XXXX Subsection in XXXX Section In XXXX Appendix</title>			</subsection>
		</section>

		<section>
			<title>XXXX Section In XXXX Appendix</title>			<subsection>				<title>XXXX Subsection in XXXX Section In XXXX Appendix</title>			</subsection>
		</section>

		<section>
			<title>XXXX Section In XXXX Appendix</title>			<subsection>				<title>XXXX Subsection in XXXX Section In XXXX Appendix</title>			</subsection>
		</section>

		<section>
			<title>XXXX Section In XXXX Appendix</title>			<subsection>				<title>XXXX Subsection in XXXX Section In XXXX Appendix</title>			</subsection>
		</section>

		<section>
			<title>XXXX Section In XXXX Appendix</title>			<subsection>				<title>XXXX Subsection in XXXX Section In XXXX Appendix</title>			</subsection>
		</section>

		<section>
			<title>XXXX Section In XXXX Appendix</title>			<subsection>				<title>XXXX Subsection in XXXX Section In XXXX Appendix</title>			</subsection>
		</section>

		<section>
			<title>XXXX Section In XXXX Appendix</title>			<subsection>				<title>XXXX Subsection in XXXX Section In XXXX Appendix</title>			</subsection>
		</section>

		<section>
			<title>XXXX Section In XXXX Appendix</title>			<subsection>				<title>XXXX Subsection in XXXX Section In XXXX Appendix</title>			</subsection>
		</section>

		<section>
			<title>XXXX Section In XXXX Appendix</title>			<subsection>				<title>XXXX Subsection in XXXX Section In XXXX Appendix</title>			</subsection>
		</section>

		<section>
			<title>XXXX Section In XXXX Appendix</title>			<subsection>				<title>XXXX Subsection in XXXX Section In XXXX Appendix</title>			</subsection>
		</section>

		<section>
			<title>XXXX Section In XXXX Appendix</title>			<subsection>				<title>XXXX Subsection in XXXX Section In XXXX Appendix</title>			</subsection>
		</section>

		<section>
			<title>XXXX Section In XXXX Appendix</title>			<subsection>				<title>XXXX Subsection in XXXX Section In XXXX Appendix</title>			</subsection>
		</section>

		<section>
			<title>XXXX Section In XXXX Appendix</title>			<subsection>				<title>XXXX Subsection in XXXX Section In XXXX Appendix</title>			</subsection>
		</section>

		<section>
			<title>XXXX Section In XXXX Appendix</title>			<subsection>				<title>XXXX Subsection in XXXX Section In XXXX Appendix</title>			</subsection>
		</section>

		<section>
			<title>XXXX Section In XXXX Appendix</title>			<subsection>				<title>XXXX Subsection in XXXX Section In XXXX Appendix</title>			</subsection>
		</section>

		<section>
			<title>XXXX Section In XXXX Appendix</title>			<subsection>				<title>XXXX Subsection in XXXX Section In XXXX Appendix</title>			</subsection>
		</section>

		<section>
			<title>XXXX Section In XXXX Appendix</title>			<subsection>				<title>XXXX Subsection in XXXX Section In XXXX Appendix</title>			</subsection>
		</section>

		<section>
			<title>XXXX Section In XXXX Appendix</title>			<subsection>				<title>XXXX Subsection in XXXX Section In XXXX Appendix</title>			</subsection>
		</section>

		<section>
			<title>XXXX Section In XXXX Appendix</title>			<subsection>				<title>XXXX Subsection in XXXX Section In XXXX Appendix</title>			</subsection>
		</section>

		<section>
			<title>XXXX Section In XXXX Appendix</title>			<subsection>				<title>XXXX Subsection in XXXX Section In XXXX Appendix</title>			</subsection>
		</section>

		<section>
			<title>XXXX Section In XXXX Appendix</title>			<subsection>				<title>XXXX Subsection in XXXX Section In XXXX Appendix</title>			</subsection>
		</section>

		<section>
			<title>XXXX Section In XXXX Appendix</title>			<subsection>				<title>XXXX Subsection in XXXX Section In XXXX Appendix</title>			</subsection>
		</section>

		<section>
			<title>XXXX Section In XXXX Appendix</title>			<subsection>				<title>XXXX Subsection in XXXX Section In XXXX Appendix</title>			</subsection>
		</section>

		<section>
			<title>XXXX Section In XXXX Appendix</title>			<subsection>				<title>XXXX Subsection in XXXX Section In XXXX Appendix</title>			</subsection>
		</section>

		<section>
			<title>XXXX Section In XXXX Appendix</title>			<subsection>				<title>XXXX Subsection in XXXX Section In XXXX Appendix</title>			</subsection>
		</section>

		<section>
			<title>XXXX Section In XXXX Appendix</title>			<subsection>				<title>XXXX Subsection in XXXX Section In XXXX Appendix</title>			</subsection>
		</section>

		<section>
			<title>XXXX Section In XXXX Appendix</title>			<subsection>				<title>XXXX Subsection in XXXX Section In XXXX Appendix</title>			</subsection>
		</section>

		<section>
			<title>XXXX Section In XXXX Appendix</title>			<subsection>				<title>XXXX Subsection in XXXX Section In XXXX Appendix</title>			</subsection>
		</section>

		<section>
			<title>XXXX Section In XXXX Appendix</title>			<subsection>				<title>XXXX Subsection in XXXX Section In XXXX Appendix</title>			</subsection>
		</section>

		<section>
			<title>XXXX Section In XXXX Appendix</title>			<subsection>				<title>XXXX Subsection in XXXX Section In XXXX Appendix</title>			</subsection>
		</section>

		<section>
			<title>XXXX Section In XXXX Appendix</title>			<subsection>				<title>XXXX Subsection in XXXX Section In XXXX Appendix</title>			</subsection>
		</section>

		<section>
			<title>XXXX Section In XXXX Appendix</title>			<subsection>				<title>XXXX Subsection in XXXX Section In XXXX Appendix</title>			</subsection>
		</section>

		<section>
			<title>XXXX Section In XXXX Appendix</title>			<subsection>				<title>XXXX Subsection in XXXX Section In XXXX Appendix</title>			</subsection>
		</section>

		<section>
			<title>XXXX Section In XXXX Appendix</title>			<subsection>				<title>XXXX Subsection in XXXX Section In XXXX Appendix</title>			</subsection>
		</section>

		<section>
			<title>XXXX Section In XXXX Appendix</title>			<subsection>				<title>XXXX Subsection in XXXX Section In XXXX Appendix</title>			</subsection>
		</section>

		<section>
			<title>XXXX Section In XXXX Appendix</title>			<subsection>				<title>XXXX Subsection in XXXX Section In XXXX Appendix</title>			</subsection>
		</section>

		<section>
			<title>XXXX Section In XXXX Appendix</title>			<subsection>				<title>XXXX Subsection in XXXX Section In XXXX Appendix</title>			</subsection>
		</section>

	</appendix></doc>